<?xml version="1.0" encoding="UTF-8"?>
<beans xmlns = "http://www.springframework.org/schema/beans"
   xmlns:xsi = "http://www.w3.org/2001/XMLSchema-instance"
   xsi:schemaLocation = "http://www.springframework.org/schema/beans
   http://www.springframework.org/schema/beans/spring-beans-3.0.xsd">


   <bean id = "library" class = "com.niit.SpringCore.Library">
		<property name="bookList">
			<list>
				<ref bean="book1"/>
				<ref bean="book2"/>
			</list>
		</property>
		<property name="stringList">
			<list>
				<value>Welcome</value>
				<value>To</value>
				<value>Library</value>
			</list>
		</property>
   </bean>
   
   <bean id = "book1" class = "com.niit.SpringCore.Book">
   		<property name="title" value="Core Spring"></property>
   		<property name="author" value="Kanetkar"></property>
   		<property name="publications" value="Mc"></property>
   </bean>
   
   
   <bean id = "book2" class = "com.niit.SpringCore.Book">
   		<property name="title" value="Spring MVC"></property>
   		<property name="author" value="Mike"></property>
   		<property name="publications" value="Word Press"></property>
   </bean>

</beans>