<?xml version="1.0" encoding="UTF-8"?>
<beans xmlns = "http://www.springframework.org/schema/beans"
   xmlns:xsi = "http://www.w3.org/2001/XMLSchema-instance"
   xmlns:context = "http://www.springframework.org/schema/context"
   xsi:schemaLocation = "http://www.springframework.org/schema/beans
   http://www.springframework.org/schema/beans/spring-beans.xsd
   http://www.springframework.org/schema/context
   http://www.springframework.org/schema/context/spring-context-4.0.xsd">

   <context:annotation-config/>
   <bean class="org.springframework.bean.factory.annotation.RequiredAnnotationBeanPostProcessor"/>
      <bean id="student" class="com.niit.SpringCore.Student">
   		<property name="name" value="Gaurav"></property>
<!-- try without passing Age and Check the Result -->
   		<property name="age" value="30"></property>
   	</bean>
</beans>