<beans:beans xmlns="http://www.springframework.org/schema/security"
 xmlns:beans="http://www.springframework.org/schema/beans" xmlns:xsi="http://www.w3.org/2001/XMLSchema-instance"
 xsi:schemaLocation="http://www.springframework.org/schema/beans
 http://www.springframework.org/schema/beans/spring-beans-3.0.xsd
 http://www.springframework.org/schema/security
 http://www.springframework.org/schema/security/spring-security.xsd">
 
 <http auto-config='true'>
   <intercept-url pattern="/admin*" access="hasRole('ROLE_ADMIN')" />
   <form-login
       login-page="/login"
       authentication-failure-url="/error"
       username-parameter="username"
       password-parameter="password" />
       <csrf/>
   <logout logout-success-url="/logout" />
 </http>
 
 <authentication-manager>
   <authentication-provider>
     <user-service>
       <user name="user" password="test" authorities="ROLE_ADMIN" />
     </user-service>
    </authentication-provider>
 </authentication-manager> 
 
</beans:beans>